key,Account Name,Bank Name,Account Number,Amount,Description
1,Samuel woodfree,UNITED BANK FOR AFRICA,1020123457,"44500",Payment to sam for job well done
2,Samuel woodfree,UNITED BANK FOR AFRICA,1020123457,"44500",Payment to sam for job well done
3,Samuel woodfree,UNITED BANK FOR AFRICA,1020123457,44500,Payment to sam for job well done
4,Samuel woodfree,UNITED BANK FOR AFRICA,1020123457,"44500",Payment to sam for job well done
5,Samuel woodfree,UNITED BANK FOR AFRICA,1020123457,"44500",Payment to sam for job well done
6,Samuel woodfree,UNITED BANK FOR AFRICA,1020123457,"44500",Payment to sam for job well done
7,Samuel woodfree,UNITED BANK FOR AFRICA,1020123457,"44500",Payment to sam for job well done
8,Samuel woodfree,UNITED BANK FOR AFRICA,1020123457,"44500",Payment to sam for job well done
9,Samuel woodfree,UNITED BANK FOR AFRICA,1020123457,"44500",Payment to sam for job well done
10,Samuel woodfree,UNITED BANK FOR AFRICA,1020123457,"44500",Payment to sam for job well done
